{
  "__type__": "cc.SpriteFrame",
  "content": {
    "name": "arrow",
    "atlas": "",
    "rect": {
      "x": 73,
      "y": 56,
      "width": 117,
      "height": 142
    },
    "offset": {
      "x": 3.5,
      "y": 1
    },
    "originalSize": {
      "width": 256,
      "height": 256
    },
    "rotated": false,
    "capInsets": [
      0,
      0,
      0,
      0
    ],
    "vertices": {
      "rawPosition": [
        -58.5,
        -71,
        0,
        58.5,
        -71,
        0,
        -58.5,
        71,
        0,
        58.5,
        71,
        0
      ],
      "indexes": [
        0,
        1,
        2,
        2,
        1,
        3
      ],
      "uv": [
        73,
        200,
        190,
        200,
        73,
        58,
        190,
        58
      ],
      "nuv": [
        0.28515625,
        0.2265625,
        0.7421875,
        0.2265625,
        0.28515625,
        0.78125,
        0.7421875,
        0.78125
      ],
      "minPos": {
        "x": -58.5,
        "y": -71,
        "z": 0
      },
      "maxPos": {
        "x": 58.5,
        "y": 71,
        "z": 0
      }
    },
    "texture": "57295f3e-5c11-4482-b55f-103cc70fe228@6c48a",
    "packable": true,
    "pixelsToUnit": 100,
    "pivot": {
      "x": 0.5,
      "y": 0.5
    },
    "meshType": 0
  }
}