{
  "__type__": "cc.SpriteFrame",
  "content": {
    "name": "playBtn",
    "atlas": "",
    "rect": {
      "x": 75,
      "y": 90,
      "width": 245,
      "height": 63
    },
    "offset": {
      "x": 5.5,
      "y": 6.5
    },
    "originalSize": {
      "width": 384,
      "height": 256
    },
    "rotated": false,
    "capInsets": [
      0,
      0,
      0,
      0
    ],
    "vertices": {
      "rawPosition": [
        -122.5,
        -31.5,
        0,
        122.5,
        -31.5,
        0,
        -122.5,
        31.5,
        0,
        122.5,
        31.5,
        0
      ],
      "indexes": [
        0,
        1,
        2,
        2,
        1,
        3
      ],
      "uv": [
        75,
        166,
        320,
        166,
        75,
        103,
        320,
        103
      ],
      "nuv": [
        0.1953125,
        0.40234375,
        0.8333333333333334,
        0.40234375,
        0.1953125,
        0.6484375,
        0.8333333333333334,
        0.6484375
      ],
      "minPos": {
        "x": -122.5,
        "y": -31.5,
        "z": 0
      },
      "maxPos": {
        "x": 122.5,
        "y": 31.5,
        "z": 0
      }
    },
    "texture": "5af56d08-c724-4f96-8fef-d0696fe75a27@6c48a",
    "packable": true,
    "pixelsToUnit": 100,
    "pivot": {
      "x": 0.5,
      "y": 0.5
    },
    "meshType": 0
  }
}