{
  "__type__": "cc.SpriteFrame",
  "content": {
    "name": "arrow_arrow",
    "atlas": "",
    "rect": {
      "x": 90,
      "y": 71,
      "width": 91,
      "height": 113
    },
    "offset": {
      "x": 7.5,
      "y": 0.5
    },
    "originalSize": {
      "width": 256,
      "height": 256
    },
    "rotated": false,
    "capInsets": [
      0,
      0,
      0,
      0
    ],
    "vertices": {
      "rawPosition": [
        -45.5,
        -56.5,
        0,
        45.5,
        -56.5,
        0,
        -45.5,
        56.5,
        0,
        45.5,
        56.5,
        0
      ],
      "indexes": [
        0,
        1,
        2,
        2,
        1,
        3
      ],
      "uv": [
        90,
        185,
        181,
        185,
        90,
        72,
        181,
        72
      ],
      "nuv": [
        0.3515625,
        0.28125,
        0.70703125,
        0.28125,
        0.3515625,
        0.72265625,
        0.70703125,
        0.72265625
      ],
      "minPos": {
        "x": -45.5,
        "y": -56.5,
        "z": 0
      },
      "maxPos": {
        "x": 45.5,
        "y": 56.5,
        "z": 0
      }
    },
    "texture": "edc21680-62df-444e-b987-932fc1018722@6c48a",
    "packable": true,
    "pixelsToUnit": 100,
    "pivot": {
      "x": 0.5,
      "y": 0.5
    },
    "meshType": 0
  }
}