{
  "__type__": "cc.SpriteFrame",
  "content": {
    "name": "Energy",
    "atlas": "",
    "rect": {
      "x": 26,
      "y": 17,
      "width": 91,
      "height": 126
    },
    "offset": {
      "x": 1.5,
      "y": -4
    },
    "originalSize": {
      "width": 140,
      "height": 152
    },
    "rotated": false,
    "capInsets": [
      0,
      0,
      0,
      0
    ],
    "vertices": {
      "rawPosition": [
        -45.5,
        -63,
        0,
        45.5,
        -63,
        0,
        -45.5,
        63,
        0,
        45.5,
        63,
        0
      ],
      "indexes": [
        0,
        1,
        2,
        2,
        1,
        3
      ],
      "uv": [
        26,
        135,
        117,
        135,
        26,
        9,
        117,
        9
      ],
      "nuv": [
        0.18571428571428572,
        0.05921052631578947,
        0.8357142857142857,
        0.05921052631578947,
        0.18571428571428572,
        0.8881578947368421,
        0.8357142857142857,
        0.8881578947368421
      ],
      "minPos": {
        "x": -45.5,
        "y": -63,
        "z": 0
      },
      "maxPos": {
        "x": 45.5,
        "y": 63,
        "z": 0
      }
    },
    "texture": "e8dd5bd2-e533-4806-9531-44082fc71e2a@6c48a",
    "packable": true,
    "pixelsToUnit": 100,
    "pivot": {
      "x": 0.5,
      "y": 0.5
    },
    "meshType": 0
  }
}