{
  "__type__": "cc.SpriteFrame",
  "content": {
    "name": "Energy",
    "atlas": "",
    "rect": {
      "x": 2,
      "y": 0,
      "width": 244,
      "height": 301
    },
    "offset": {
      "x": -15.5,
      "y": 1.5
    },
    "originalSize": {
      "width": 279,
      "height": 304
    },
    "rotated": false,
    "capInsets": [
      0,
      0,
      0,
      0
    ],
    "vertices": {
      "rawPosition": [
        -122,
        -150.5,
        0,
        122,
        -150.5,
        0,
        -122,
        150.5,
        0,
        122,
        150.5,
        0
      ],
      "indexes": [
        0,
        1,
        2,
        2,
        1,
        3
      ],
      "uv": [
        2,
        304,
        246,
        304,
        2,
        3,
        246,
        3
      ],
      "nuv": [
        0.007168458781362007,
        0.009868421052631578,
        0.8817204301075269,
        0.009868421052631578,
        0.007168458781362007,
        1,
        0.8817204301075269,
        1
      ],
      "minPos": {
        "x": -122,
        "y": -150.5,
        "z": 0
      },
      "maxPos": {
        "x": 122,
        "y": 150.5,
        "z": 0
      }
    },
    "texture": "e8dd5bd2-e533-4806-9531-44082fc71e2a@6c48a",
    "packable": true,
    "pixelsToUnit": 100,
    "pivot": {
      "x": 0.5,
      "y": 0.5
    },
    "meshType": 0
  }
}