{
  "__type__": "cc.SpriteFrame",
  "content": {
    "name": "bubble_small",
    "atlas": "",
    "rect": {
      "x": 68,
      "y": 78,
      "width": 253,
      "height": 91
    },
    "offset": {
      "x": 2.5,
      "y": 4.5
    },
    "originalSize": {
      "width": 384,
      "height": 256
    },
    "rotated": false,
    "capInsets": [
      0,
      0,
      0,
      0
    ],
    "vertices": {
      "rawPosition": [
        -126.5,
        -45.5,
        0,
        126.5,
        -45.5,
        0,
        -126.5,
        45.5,
        0,
        126.5,
        45.5,
        0
      ],
      "indexes": [
        0,
        1,
        2,
        2,
        1,
        3
      ],
      "uv": [
        68,
        178,
        321,
        178,
        68,
        87,
        321,
        87
      ],
      "nuv": [
        0.17708333333333334,
        0.33984375,
        0.8359375,
        0.33984375,
        0.17708333333333334,
        0.6953125,
        0.8359375,
        0.6953125
      ],
      "minPos": {
        "x": -126.5,
        "y": -45.5,
        "z": 0
      },
      "maxPos": {
        "x": 126.5,
        "y": 45.5,
        "z": 0
      }
    },
    "texture": "485f47c4-44b6-418a-91a9-c558183ce922@6c48a",
    "packable": true,
    "pixelsToUnit": 100,
    "pivot": {
      "x": 0.5,
      "y": 0.5
    },
    "meshType": 0
  }
}