{
  "__type__": "cc.SpriteFrame",
  "content": {
    "name": "Energy-small",
    "atlas": "",
    "rect": {
      "x": 6,
      "y": 4,
      "width": 24,
      "height": 32
    },
    "offset": {
      "x": 0.5,
      "y": -1
    },
    "originalSize": {
      "width": 35,
      "height": 38
    },
    "rotated": false,
    "capInsets": [
      0,
      0,
      0,
      0
    ],
    "vertices": {
      "rawPosition": [
        -12,
        -16,
        0,
        12,
        -16,
        0,
        -12,
        16,
        0,
        12,
        16,
        0
      ],
      "indexes": [
        0,
        1,
        2,
        2,
        1,
        3
      ],
      "uv": [
        6,
        34,
        30,
        34,
        6,
        2,
        30,
        2
      ],
      "nuv": [
        0.17142857142857143,
        0.05263157894736842,
        0.8571428571428571,
        0.05263157894736842,
        0.17142857142857143,
        0.8947368421052632,
        0.8571428571428571,
        0.8947368421052632
      ],
      "minPos": {
        "x": -12,
        "y": -16,
        "z": 0
      },
      "maxPos": {
        "x": 12,
        "y": 16,
        "z": 0
      }
    },
    "texture": "db601b46-c20d-4188-955e-552b8a68729c@6c48a",
    "packable": true,
    "pixelsToUnit": 100,
    "pivot": {
      "x": 0.5,
      "y": 0.5
    },
    "meshType": 0
  }
}