{
  "__type__": "cc.SpriteFrame",
  "content": {
    "name": "AYOlogo_smaller",
    "atlas": "",
    "rect": {
      "x": 200,
      "y": 13,
      "width": 368,
      "height": 498
    },
    "offset": {
      "x": 0,
      "y": -6
    },
    "originalSize": {
      "width": 768,
      "height": 512
    },
    "rotated": false,
    "capInsets": [
      0,
      0,
      0,
      0
    ],
    "vertices": {
      "rawPosition": [
        -184,
        -249,
        0,
        184,
        -249,
        0,
        -184,
        249,
        0,
        184,
        249,
        0
      ],
      "indexes": [
        0,
        1,
        2,
        2,
        1,
        3
      ],
      "uv": [
        200,
        499,
        568,
        499,
        200,
        1,
        568,
        1
      ],
      "nuv": [
        0.2604166666666667,
        0.001953125,
        0.7395833333333334,
        0.001953125,
        0.2604166666666667,
        0.974609375,
        0.7395833333333334,
        0.974609375
      ],
      "minPos": {
        "x": -184,
        "y": -249,
        "z": 0
      },
      "maxPos": {
        "x": 184,
        "y": 249,
        "z": 0
      }
    },
    "texture": "4c375813-8170-414c-a69c-6f59f65ddf2b@6c48a",
    "packable": true,
    "pixelsToUnit": 100,
    "pivot": {
      "x": 0.5,
      "y": 0.5
    },
    "meshType": 0
  }
}