{
  "__type__": "cc.SpriteFrame",
  "content": {
    "name": "heart-small",
    "atlas": "",
    "rect": {
      "x": 4,
      "y": 5,
      "width": 37,
      "height": 31
    },
    "offset": {
      "x": 0.5,
      "y": -1.5
    },
    "originalSize": {
      "width": 44,
      "height": 38
    },
    "rotated": false,
    "capInsets": [
      0,
      0,
      0,
      0
    ],
    "vertices": {
      "rawPosition": [
        -18.5,
        -15.5,
        0,
        18.5,
        -15.5,
        0,
        -18.5,
        15.5,
        0,
        18.5,
        15.5,
        0
      ],
      "indexes": [
        0,
        1,
        2,
        2,
        1,
        3
      ],
      "uv": [
        4,
        33,
        41,
        33,
        4,
        2,
        41,
        2
      ],
      "nuv": [
        0.09090909090909091,
        0.05263157894736842,
        0.9318181818181818,
        0.05263157894736842,
        0.09090909090909091,
        0.868421052631579,
        0.9318181818181818,
        0.868421052631579
      ],
      "minPos": {
        "x": -18.5,
        "y": -15.5,
        "z": 0
      },
      "maxPos": {
        "x": 18.5,
        "y": 15.5,
        "z": 0
      }
    },
    "texture": "7f6579ae-9308-4851-88b9-df2277b49a69@6c48a",
    "packable": true,
    "pixelsToUnit": 100,
    "pivot": {
      "x": 0.5,
      "y": 0.5
    },
    "meshType": 0
  }
}