{
  "__version__": "1.0.2",
  "builder": {},
  "gizmos-infos": {
    "is2D": false,
    "is3DIcon": false,
    "iconSize": 2,
    "gridVisible": true,
    "gridColor": [
      166,
      166,
      166,
      255
    ],
    "transformToolName": "position",
    "pivot": "pivot",
    "coordinate": "local",
    "toolsVisibility3d": true
  },
  "snap-configs": {
    "position": {
      "x": 1,
      "y": 1,
      "z": 1
    },
    "rotation": 1,
    "scale": 1,
    "isPositionSnapEnabled": false,
    "isRotationSnapEnabled": false,
    "isScaleSnapEnabled": false
  },
  "rect-snap-configs": {
    "enableSnapping": true,
    "snapThreshold": 4
  },
  "float-window": {
    "position": {
      "cc": {
        "Camera": {
          "dock": false,
          "top": null,
          "bottom": 10,
          "left": null,
          "right": 10
        },
        "Terrain": {
          "dock": false,
          "top": null,
          "bottom": 10,
          "left": null,
          "right": 10
        },
        "ParticleSystem": {
          "dock": false,
          "top": null,
          "bottom": 10,
          "left": null,
          "right": 10
        }
      }
    }
  },
  "camera-infos": {
    "c40fc15d-1c6d-4e29-a9f6-09b2c0c4231f": {
      "position": {
        "x": -1.0194424503194033,
        "y": 10.186317296760823,
        "z": 14.182367215823726
      },
      "rotation": {
        "x": -0.30564325229544886,
        "y": -0.03415225000431225,
        "z": -0.010970830527245939,
        "w": 0.9514701608675112
      },
      "viewCenter": {
        "x": 0,
        "y": 0,
        "z": 0
      },
      "contentRect": {
        "x": 0,
        "y": 0,
        "width": 1097,
        "height": 592
      },
      "scale": 1
    },
    "75d8d554-0247-4fe2-b436-fed52a22db79": {
      "position": {
        "x": 28.17112005780243,
        "y": 51.98353176805671,
        "z": 89.16846848277312
      },
      "rotation": {
        "x": -0.2511703915982139,
        "y": -0.05640527045963857,
        "z": -0.014660245745243453,
        "w": 0.96618681270272
      },
      "viewCenter": {
        "x": 39.52657137504736,
        "y": -2.4306913640650265,
        "z": -7.754543483117757
      },
      "contentRect": {
        "x": 0,
        "y": 0,
        "width": 1097,
        "height": 592
      },
      "scale": 1
    },
    "89338372-6087-4217-8e62-f08bd200740d": {
      "position": {
        "x": 36.96749799321173,
        "y": 36.96749799321173,
        "z": 36.96749799321173
      },
      "rotation": {
        "x": -0.27984814233312133,
        "y": 0.3647051996310009,
        "z": 0.11591689595929512,
        "w": 0.8804762392171493
      },
      "viewCenter": {
        "x": 0,
        "y": 0,
        "z": 0
      },
      "contentRect": {
        "x": 0,
        "y": 0,
        "width": 1500,
        "height": 1000
      },
      "scale": 1
    },
    "85be63b7-6b34-440a-9c80-9ff798ed4b7c": {
      "position": {
        "x": -11.929950153261352,
        "y": 19.397518083559564,
        "z": 45.996400058471
      },
      "rotation": {
        "x": -0.13056621760500609,
        "y": -0.042699320463414514,
        "z": -0.005628645767448712,
        "w": 0.9905036845964327
      },
      "viewCenter": {
        "x": -7.7973962225850375,
        "y": 6.513613405459219,
        "z": -1.8463335381180102
      },
      "contentRect": {
        "x": 0,
        "y": 0,
        "width": 398,
        "height": 289
      },
      "scale": 1
    },
    "68f6fa83-df2e-4131-a8e9-feceed767318": {
      "position": {
        "x": -3.7463104574265316,
        "y": 11.67972823530826,
        "z": 43.37117825709266
      },
      "rotation": {
        "x": -0.13056621760500609,
        "y": -0.042699320463414514,
        "z": -0.005628645767448712,
        "w": 0.9905036845964327
      },
      "viewCenter": {
        "x": 0,
        "y": 0,
        "z": 0
      },
      "contentRect": {
        "x": 0,
        "y": 0,
        "width": 398,
        "height": 289
      },
      "scale": 1
    },
    "1aeb8383-a33c-44e7-af6d-f8902e254da1": {
      "position": {
        "x": -3.4403344512558203,
        "y": 10.725798591940212,
        "z": 39.828882428474685
      },
      "rotation": {
        "x": -0.13056621760500609,
        "y": -0.042699320463414514,
        "z": -0.005628645767448712,
        "w": 0.9905036845964327
      },
      "viewCenter": {
        "x": 0,
        "y": 0,
        "z": 0
      },
      "contentRect": {
        "x": 0,
        "y": 0,
        "width": 398,
        "height": 289
      },
      "scale": 1
    },
    "fb87200f-685c-46e3-b021-a22610ff1476": {
      "position": {
        "x": -3.440334451255574,
        "y": 10.725798591939443,
        "z": 39.828882428471836
      },
      "rotation": {
        "x": -0.13056621760500609,
        "y": -0.042699320463414514,
        "z": -0.005628645767448712,
        "w": 0.9905036845964327
      },
      "viewCenter": {
        "x": 0,
        "y": 0,
        "z": 0
      },
      "contentRect": {
        "x": 0,
        "y": 0,
        "width": 398,
        "height": 289
      },
      "scale": 1
    },
    "d1cf92d6-497c-4010-b515-c92700fd5385": {
      "position": {
        "x": -3.440334451255574,
        "y": 10.725798591939443,
        "z": 39.828882428471836
      },
      "rotation": {
        "x": -0.13056621760500609,
        "y": -0.042699320463414514,
        "z": -0.005628645767448712,
        "w": 0.9905036845964327
      },
      "viewCenter": {
        "x": 0,
        "y": 0,
        "z": 0
      },
      "contentRect": {
        "x": 0,
        "y": 0,
        "width": 398,
        "height": 289
      },
      "scale": 1
    },
    "9192a7ab-878b-44d7-9e61-a2043ffd3df3": {
      "position": {
        "x": -3.440334451255574,
        "y": 10.725798591939443,
        "z": 39.828882428471836
      },
      "rotation": {
        "x": -0.13056621760500609,
        "y": -0.042699320463414514,
        "z": -0.005628645767448712,
        "w": 0.9905036845964327
      },
      "viewCenter": {
        "x": 0,
        "y": 0,
        "z": 0
      },
      "contentRect": {
        "x": 0,
        "y": 0,
        "width": 398,
        "height": 289
      },
      "scale": 1
    },
    "c6e298c0-7c55-4348-9400-2fdd2b606cbb": {
      "position": {
        "x": -3.440334451255574,
        "y": 10.725798591939443,
        "z": 39.828882428471836
      },
      "rotation": {
        "x": -0.13056621760500609,
        "y": -0.042699320463414514,
        "z": -0.005628645767448712,
        "w": 0.9905036845964327
      },
      "viewCenter": {
        "x": 0,
        "y": 0,
        "z": 0
      },
      "contentRect": {
        "x": 0,
        "y": 0,
        "width": 398,
        "height": 289
      },
      "scale": 1
    },
    "ebeb06cd-3219-43ac-8494-7437b59e80b3": {
      "position": {
        "x": 40.92926707173845,
        "y": 40.929267071738444,
        "z": 40.92926707173844
      },
      "rotation": {
        "x": -0.27984814233312133,
        "y": 0.3647051996310009,
        "z": 0.11591689595929512,
        "w": 0.8804762392171493
      },
      "viewCenter": {
        "x": 0,
        "y": 0,
        "z": 0
      },
      "contentRect": {
        "x": 0,
        "y": 0,
        "width": 398,
        "height": 275
      },
      "scale": 1
    },
    "9a332ae3-355b-4579-a603-94b593f256a8": {
      "position": {
        "x": 40.929267074666896,
        "y": 40.92926707466689,
        "z": 40.92926707466688
      },
      "rotation": {
        "x": -0.27984814233312133,
        "y": 0.3647051996310009,
        "z": 0.11591689595929512,
        "w": 0.8804762392171493
      },
      "viewCenter": {
        "x": 0,
        "y": 0,
        "z": 0
      },
      "contentRect": {
        "x": 0,
        "y": 0,
        "width": 398,
        "height": 275
      },
      "scale": 1
    },
    "0e0e0853-95eb-44d9-b54f-14eedb41d9d3": {
      "position": {
        "x": 23.89713045758545,