{
  "__type__": "cc.SpriteFrame",
  "content": {
    "name": "heart",
    "atlas": "",
    "rect": {
      "x": 18,
      "y": 22,
      "width": 142,
      "height": 119
    },
    "offset": {
      "x": 1.5,
      "y": -6.5
    },
    "originalSize": {
      "width": 175,
      "height": 150
    },
    "rotated": false,
    "capInsets": [
      0,
      0,
      0,
      0
    ],
    "vertices": {
      "rawPosition": [
        -71,
        -59.5,
        0,
        71,
        -59.5,
        0,
        -71,
        59.5,
        0,
        71,
        59.5,
        0
      ],
      "indexes": [
        0,
        1,
        2,
        2,
        1,
        3
      ],
      "uv": [
        18,
        128,
        160,
        128,
        18,
        9,
        160,
        9
      ],
      "nuv": [
        0.10285714285714286,
        0.06,
        0.9142857142857143,
        0.06,
        0.10285714285714286,
        0.8533333333333334,
        0.9142857142857143,
        0.8533333333333334
      ],
      "minPos": {
        "x": -71,
        "y": -59.5,
        "z": 0
      },
      "maxPos": {
        "x": 71,
        "y": 59.5,
        "z": 0
      }
    },
    "texture": "515b4ce4-1f7f-49fa-8873-edffad913e08@6c48a",
    "packable": true,
    "pixelsToUnit": 100,
    "pivot": {
      "x": 0.5,
      "y": 0.5
    },
    "meshType": 0
  }
}