{
  "__type__": "cc.SpriteFrame",
  "content": {
    "name": "heart",
    "atlas": "",
    "rect": {
      "x": 36,
      "y": 27,
      "width": 281,
      "height": 253
    },
    "offset": {
      "x": 2,
      "y": -4
    },
    "originalSize": {
      "width": 349,
      "height": 299
    },
    "rotated": false,
    "capInsets": [
      0,
      0,
      0,
      0
    ],
    "vertices": {
      "rawPosition": [
        -140.5,
        -126.5,
        0,
        140.5,
        -126.5,
        0,
        -140.5,
        126.5,
        0,
        140.5,
        126.5,
        0
      ],
      "indexes": [
        0,
        1,
        2,
        2,
        1,
        3
      ],
      "uv": [
        36,
        272,
        317,
        272,
        36,
        19,
        317,
        19
      ],
      "nuv": [
        0.10315186246418338,
        0.06354515050167224,
        0.9083094555873925,
        0.06354515050167224,
        0.10315186246418338,
        0.9096989966555183,
        0.9083094555873925,
        0.9096989966555183
      ],
      "minPos": {
        "x": -140.5,
        "y": -126.5,
        "z": 0
      },
      "maxPos": {
        "x": 140.5,
        "y": 126.5,
        "z": 0
      }
    },
    "texture": "515b4ce4-1f7f-49fa-8873-edffad913e08@6c48a",
    "packable": true,
    "pixelsToUnit": 100,
    "pivot": {
      "x": 0.5,
      "y": 0.5
    },
    "meshType": 0
  }
}