{
  "__type__": "cc.SpriteFrame",
  "content": {
    "name": "vjoy",
    "atlas": "",
    "rect": {
      "x": 0,
      "y": 2,
      "width": 338,
      "height": 326
    },
    "offset": {
      "x": -0.5,
      "y": -1
    },
    "originalSize": {
      "width": 339,
      "height": 328
    },
    "rotated": false,
    "capInsets": [
      0,
      0,
      0,
      0
    ],
    "vertices": {
      "rawPosition": [
        -169,
        -163,
        0,
        169,
        -163,
        0,
        -169,
        163,
        0,
        169,
        163,
        0
      ],
      "indexes": [
        0,
        1,
        2,
        2,
        1,
        3
      ],
      "uv": [
        0,
        326,
        338,
        326,
        0,
        0,
        338,
        0
      ],
      "nuv": [
        0,
        0,
        0.9970501474926253,
        0,
        0,
        0.9939024390243902,
        0.9970501474926253,
        0.9939024390243902
      ],
      "minPos": {
        "x": -169,
        "y": -163,
        "z": 0
      },
      "maxPos": {
        "x": 169,
        "y": 163,
        "z": 0
      }
    },
    "texture": "8a5f2d91-5e36-42cf-9f8a-c2055eff87f9@6c48a",
    "packable": true,
    "pixelsToUnit": 100,
    "pivot": {
      "x": 0.5,
      "y": 0.5
    },
    "meshType": 0
  }
}